id,forename,surname,dob,nationality,url
1,Lewis,Hamilton,1985/1/7,British,http://en.wikipedia.org/wiki/Lewis_Hamilton
2,Nick,Heidfeld,1977/5/10,German,http://en.wikipedia.org/wiki/Nick_Heidfeld
3,Nico,Rosberg,1985/6/27,German,http://en.wikipedia.org/wiki/Nico_Rosberg
4,Fernando,Alonso,1981/7/29,Spanish,http://en.wikipedia.org/wiki/Fernando_Alonso
5,Heikki,Kovalainen,1981/10/19,Finnish,http://en.wikipedia.org/wiki/Heikki_Kovalainen
6,Kazuki,Nakajima,1985/1/11,Japanese,http://en.wikipedia.org/wiki/Kazuki_Nakajima
7,S̩bastien,Bourdais,1979/2/28,French,http://en.wikipedia.org/wiki/S%C3%A9bastien_Bourdais
8,Kimi,RÃ_ikkÃ¶nen,1979/10/17,Finnish,http://en.wikipedia.org/wiki/Kimi_R%C3%A4ikk%C3%B6nen
9,Robert,Kubica,1984/12/7,Polish,http://en.wikipedia.org/wiki/Robert_Kubica
10,Timo,Glock,1982/3/18,German,http://en.wikipedia.org/wiki/Timo_Glock
11,Takuma,Sato,1977/1/28,Japanese,http://en.wikipedia.org/wiki/Takuma_Sato
12,Nelson,Piquet Jr.,1985/7/25,Brazilian,"http://en.wikipedia.org/wiki/Nelson_Piquet,_Jr."
13,Felipe,Massa,1981/4/25,Brazilian,http://en.wikipedia.org/wiki/Felipe_Massa
14,David,Coulthard,1971/3/27,British,http://en.wikipedia.org/wiki/David_Coulthard
15,Jarno,Trulli,1974/7/13,Italian,http://en.wikipedia.org/wiki/Jarno_Trulli
16,Adrian,Sutil,1983/1/11,German,http://en.wikipedia.org/wiki/Adrian_Sutil
17,Mark,Webber,1976/8/27,Australian,http://en.wikipedia.org/wiki/Mark_Webber
18,Jenson,Button,1980/1/19,British,http://en.wikipedia.org/wiki/Jenson_Button
19,Anthony,Davidson,1979/4/18,British,http://en.wikipedia.org/wiki/Anthony_Davidson
20,Sebastian,Vettel,1987/7/3,German,http://en.wikipedia.org/wiki/Sebastian_Vettel
21,Giancarlo,Fisichella,1973/1/14,Italian,http://en.wikipedia.org/wiki/Giancarlo_Fisichella
22,Rubens,Barrichello,1972/5/23,Brazilian,http://en.wikipedia.org/wiki/Rubens_Barrichello
23,Ralf,Schumacher,1975/6/30,German,http://en.wikipedia.org/wiki/Ralf_Schumacher
24,Vitantonio,Liuzzi,1980/8/6,Italian,http://en.wikipedia.org/wiki/Vitantonio_Liuzzi
25,Alexander,Wurz,1974/2/15,Austrian,http://en.wikipedia.org/wiki/Alexander_Wurz
26,Scott,Speed,1983/1/24,American,http://en.wikipedia.org/wiki/Scott_Speed
27,Christijan,Albers,1979/4/16,Dutch,http://en.wikipedia.org/wiki/Christijan_Albers
28,Markus,Winkelhock,1980/6/13,German,http://en.wikipedia.org/wiki/Markus_Winkelhock
29,Sakon,Yamamoto,1982/7/9,Japanese,http://en.wikipedia.org/wiki/Sakon_Yamamoto
30,Michael,Schumacher,1969/1/3,German,http://en.wikipedia.org/wiki/Michael_Schumacher
31,Juan,Pablo Montoya,1975/9/20,Colombian,http://en.wikipedia.org/wiki/Juan_Pablo_Montoya
32,Christian,Klien,1983/2/7,Austrian,http://en.wikipedia.org/wiki/Christian_Klien
33,Tiago,Monteiro,1976/7/24,Portuguese,http://en.wikipedia.org/wiki/Tiago_Monteiro
34,Yuji,Ide,1975/1/21,Japanese,http://en.wikipedia.org/wiki/Yuji_Ide
35,Jacques,Villeneuve,1971/4/9,Canadian,http://en.wikipedia.org/wiki/Jacques_Villeneuve
36,Franck,Montagny,1978/1/5,French,http://en.wikipedia.org/wiki/Franck_Montagny
37,Pedro,de la Rosa,1971/2/24,Spanish,http://en.wikipedia.org/wiki/Pedro_de_la_Rosa
38,Robert,Doornbos,1981/9/23,Dutch,http://en.wikipedia.org/wiki/Robert_Doornbos
39,Narain,Karthikeyan,1977/1/14,Indian,http://en.wikipedia.org/wiki/Narain_Karthikeyan
40,Patrick,Friesacher,1980/9/26,Austrian,http://en.wikipedia.org/wiki/Patrick_Friesacher
41,Ricardo,Zonta,1976/3/23,Brazilian,http://en.wikipedia.org/wiki/Ricardo_Zonta
42,Ant̫nio,Pizzonia,1980/9/11,Brazilian,http://en.wikipedia.org/wiki/Ant%C3%B4nio_Pizzonia
43,Cristiano,da Matta,1973/9/19,Brazilian,http://en.wikipedia.org/wiki/Cristiano_da_Matta
44,Olivier,Panis,1966/9/2,French,http://en.wikipedia.org/wiki/Olivier_Panis
45,Giorgio,Pantano,1979/2/4,Italian,http://en.wikipedia.org/wiki/Giorgio_Pantano
46,Gianmaria,Bruni,1981/5/30,Italian,http://en.wikipedia.org/wiki/Gianmaria_Bruni
47,Zsolt,Baumgartner,1981/1/1,Hungarian,http://en.wikipedia.org/wiki/Zsolt_Baumgartner
48,Marc,Gen̩,1974/3/29,Spanish,http://en.wikipedia.org/wiki/Marc_Gen%C3%A9
49,Heinz-Harald,Frentzen,1967/5/18,German,http://en.wikipedia.org/wiki/Heinz-Harald_Frentzen
50,Jos,Verstappen,1972/3/4,Dutch,http://en.wikipedia.org/wiki/Jos_Verstappen
51,Justin,Wilson,1978/7/31,British,http://en.wikipedia.org/wiki/Justin_Wilson_(racing_driver)
52,Ralph,Firman,1975/5/20,Irish,http://en.wikipedia.org/wiki/Ralph_Firman
53,Nicolas,Kiesa,1978/3/3,Danish,http://en.wikipedia.org/wiki/Nicolas_Kiesa
54,Luciano,Burti,1975/3/5,Brazilian,http://en.wikipedia.org/wiki/Luciano_Burti
55,Jean,Alesi,1964/6/11,French,http://en.wikipedia.org/wiki/Jean_Alesi
56,Eddie,Irvine,1965/11/10,British,http://en.wikipedia.org/wiki/Eddie_Irvine
57,Mika,HÃ_kkinen,1968/9/28,Finnish,http://en.wikipedia.org/wiki/Mika_H%C3%A4kkinen
58,Tarso,Marques,1976/1/19,Brazilian,http://en.wikipedia.org/wiki/Tarso_Marques
59,Enrique,Bernoldi,1978/10/19,Brazilian,http://en.wikipedia.org/wiki/Enrique_Bernoldi
60,GastÃ_n,Mazzacane,1975/5/8,Argentine,http://en.wikipedia.org/wiki/Gast%C3%B3n_Mazzacane
61,Tomáš,Enge,1976/9/11,Czech,http://en.wikipedia.org/wiki/Tom%C3%A1%C5%A1_Enge
62,Alex,Yoong,1976/7/20,Malaysian,http://en.wikipedia.org/wiki/Alex_Yoong
63,Mika,Salo,1966/11/30,Finnish,http://en.wikipedia.org/wiki/Mika_Salo
64,Pedro,Diniz,1970/5/22,Brazilian,http://en.wikipedia.org/wiki/Pedro_Diniz
65,Johnny,Herbert,1964/6/25,British,http://en.wikipedia.org/wiki/Johnny_Herbert
66,Allan,McNish,1969/12/29,British,http://en.wikipedia.org/wiki/Allan_McNish
67,S̩bastien,Buemi,1988/10/31,Swiss,http://en.wikipedia.org/wiki/S%C3%A9bastien_Buemi
68,Toranosuke,Takagi,1974/2/12,Japanese,http://en.wikipedia.org/wiki/Toranosuke_Takagi
69,Luca,Badoer,1971/1/25,Italian,http://en.wikipedia.org/wiki/Luca_Badoer
70,Alessandro,Zanardi,1966/10/23,Italian,http://en.wikipedia.org/wiki/Alex_Zanardi
71,Damon,Hill,1960/9/17,British,http://en.wikipedia.org/wiki/Damon_Hill
72,St̩phane,Sarrazin,1975/11/2,French,http://en.wikipedia.org/wiki/St%C3%A9phane_Sarrazin
73,Ricardo,Rosset,1968/7/27,Brazilian,http://en.wikipedia.org/wiki/Ricardo_Rosset
74,Esteban,Tuero,1978/4/22,Argentine,http://en.wikipedia.org/wiki/Esteban_Tuero
75,Shinji,Nakano,1971/4/1,Japanese,http://en.wikipedia.org/wiki/Shinji_Nakano
76,Jan,Magnussen,1973/7/4,Danish,http://en.wikipedia.org/wiki/Jan_Magnussen
77,Gerhard,Berger,1959/8/27,Austrian,http://en.wikipedia.org/wiki/Gerhard_Berger
78,Nicola,Larini,1964/3/19,Italian,http://en.wikipedia.org/wiki/Nicola_Larini
79,Ukyo,Katayama,1963/5/29,Japanese,http://en.wikipedia.org/wiki/Ukyo_Katayama
80,Vincenzo,Sospiri,1966/10/7,Italian,http://en.wikipedia.org/wiki/Vincenzo_Sospiri
81,Gianni,Morbidelli,1968/1/13,Italian,http://en.wikipedia.org/wiki/Gianni_Morbidelli
82,Norberto,Fontana,1975/1/20,Argentine,http://en.wikipedia.org/wiki/Norberto_Fontana
83,Pedro,Lamy,1972/3/20,Portuguese,http://en.wikipedia.org/wiki/Pedro_Lamy
84,Martin,Brundle,1959/6/1,British,http://en.wikipedia.org/wiki/Martin_Brundle
85,Andrea,Montermini,1964/5/30,Italian,http://en.wikipedia.org/wiki/Andrea_Montermini
86,Giovanni,Lavaggi,1958/2/18,Italian,http://en.wikipedia.org/wiki/Giovanni_Lavaggi
87,Mark,Blundell,1966/4/8,British,http://en.wikipedia.org/wiki/Mark_Blundell
88,Aguri,Suzuki,1960/9/8,Japanese,http://en.wikipedia.org/wiki/Aguri_Suzuki
89,Taki,Inoue,1963/9/5,Japanese,http://en.wikipedia.org/wiki/Taki_Inoue
90,Roberto,Moreno,1959/2/11,Brazilian,http://en.wikipedia.org/wiki/Roberto_Moreno
91,Karl,Wendlinger,1968/12/20,Austrian,http://en.wikipedia.org/wiki/Karl_Wendlinger
92,Bertrand,Gachot,1962/12/23,Belgian,http://en.wikipedia.org/wiki/Bertrand_Gachot
93,Domenico,Schiattarella,1967/11/17,Italian,http://en.wikipedia.org/wiki/Domenico_Schiattarella
94,Pierluigi,Martini,1961/4/23,Italian,http://en.wikipedia.org/wiki/Pierluigi_Martini
95,Nigel,Mansell,1953/8/8,British,http://en.wikipedia.org/wiki/Nigel_Mansell
96,Jean-Christophe,Boullion,1969/12/27,French,http://en.wikipedia.org/wiki/Jean-Christophe_Boullion
97,Massimiliano,Papis,1969/10/3,Italian,http://en.wikipedia.org/wiki/Massimiliano_Papis
98,Jean-Denis,D̩l̩traz,1963/10/1,Swiss,http://en.wikipedia.org/wiki/Jean-Denis_Deletraz
99,Gabriele,Tarquini,1962/3/2,Italian,http://en.wikipedia.org/wiki/Gabriele_Tarquini
100,Érik,Comas,1963/9/28,French,http://en.wikipedia.org/wiki/%C3%89rik_Comas
101,David,Brabham,1965/9/5,Australian,http://en.wikipedia.org/wiki/David_Brabham
102,Ayrton,Senna,1960/3/21,Brazilian,http://en.wikipedia.org/wiki/Ayrton_Senna
103,Érik,Bernard,1964/8/24,French,http://en.wikipedia.org/wiki/%C3%89ric_Bernard
104,Christian,Fittipaldi,1971/1/18,Brazilian,http://en.wikipedia.org/wiki/Christian_Fittipaldi
105,Michele,Alboreto,1956/12/23,Italian,http://en.wikipedia.org/wiki/Michele_Alboreto
106,Olivier,Beretta,1969/11/23,Monegasque,http://en.wikipedia.org/wiki/Olivier_Beretta
107,Roland,Ratzenberger,1960/7/4,Austrian,http://en.wikipedia.org/wiki/Roland_Ratzenberger
108,Paul,Belmondo,1963/4/23,French,http://en.wikipedia.org/wiki/Paul_Belmondo
109,Jyrki,JÃ_rvilehto,1966/1/31,Finnish,http://en.wikipedia.org/wiki/Jyrki_J%C3%A4rvilehto
110,Andrea,de Cesaris,1959/5/31,Italian,http://en.wikipedia.org/wiki/Andrea_de_Cesaris
111,Jean-Marc,Gounon,1963/1/1,French,http://en.wikipedia.org/wiki/Jean-Marc_Gounon
112,Philippe,Alliot,1954/7/27,French,http://en.wikipedia.org/wiki/Philippe_Alliot
113,Philippe,Adams,1969/11/19,Belgian,http://en.wikipedia.org/wiki/Philippe_Adams
114,Yannick,Dalmas,1961/7/28,French,http://en.wikipedia.org/wiki/Yannick_Dalmas
115,Hideki,Noda,1969/3/7,Japanese,http://en.wikipedia.org/wiki/Hideki_Noda
116,Franck,Lagorce,1968/9/1,French,http://en.wikipedia.org/wiki/Franck_Lagorce
117,Alain,Prost,1955/2/24,French,http://en.wikipedia.org/wiki/Alain_Prost
118,Derek,Warwick,1954/8/27,British,http://en.wikipedia.org/wiki/Derek_Warwick
119,Riccardo,Patrese,1954/4/17,Italian,http://en.wikipedia.org/wiki/Riccardo_Patrese
120,Fabrizio,Barbazza,1963/4/2,Italian,http://en.wikipedia.org/wiki/Fabrizio_Barbazza
121,Michael,Andretti,1962/10/5,American,http://en.wikipedia.org/wiki/Michael_Andretti
122,Ivan,Capelli,1963/5/24,Italian,http://en.wikipedia.org/wiki/Ivan_Capelli
123,Thierry,Boutsen,1957/7/13,Belgian,http://en.wikipedia.org/wiki/Thierry_Boutsen
124,Marco,Apicella,1965/10/7,Italian,http://en.wikipedia.org/wiki/Marco_Apicella
125,Emanuele,Naspetti,1968/2/24,Italian,http://en.wikipedia.org/wiki/Emanuele_Naspetti
126,Toshio,Suzuki,1955/3/10,Japanese,http://en.wikipedia.org/wiki/Toshio_Suzuki_(driver)
127,MaurÃ_cio,Gugelmin,1963/4/20,Brazilian,http://en.wikipedia.org/wiki/Maur%C3%ADcio_Gugelmin
128,Eric,van de Poele,1961/9/30,Belgian,http://en.wikipedia.org/wiki/Eric_van_de_Poele
129,Olivier,Grouillard,1958/9/2,French,http://en.wikipedia.org/wiki/Olivier_Grouillard
130,Andrea,Chiesa,1964/5/6,Swiss,http://en.wikipedia.org/wiki/Andrea_Chiesa
131,Stefano,Modena,1963/5/12,Italian,http://en.wikipedia.org/wiki/Stefano_Modena
132,Giovanna,Amati,1959/7/20,Italian,http://en.wikipedia.org/wiki/Giovanna_Amati
133,Alex,Caffi,1964/3/18,Italian,http://en.wikipedia.org/wiki/Alex_Caffi
134,Enrico,Bertaggia,1964/9/19,Italian,http://en.wikipedia.org/wiki/Enrico_Bertaggia
135,Perry,McCarthy,1961/3/3,British,http://en.wikipedia.org/wiki/Perry_McCarthy
136,Jan,Lammers,1956/6/2,Dutch,http://en.wikipedia.org/wiki/Jan_Lammers
137,Nelson,Piquet,1952/8/17,Brazilian,http://en.wikipedia.org/wiki/Nelson_Piquet
138,Satoru,Nakajima,1953/2/23,Japanese,http://en.wikipedia.org/wiki/Satoru_Nakajima
139,Emanuele,Pirro,1962/1/12,Italian,http://en.wikipedia.org/wiki/Emanuele_Pirro
140,Stefan,Johansson,1956/9/8,Swedish,http://en.wikipedia.org/wiki/Stefan_Johansson
141,Julian,Bailey,1961/10/9,British,http://en.wikipedia.org/wiki/Julian_Bailey
142,Pedro,Chaves,1965/2/27,Portuguese,http://en.wikipedia.org/wiki/Pedro_Chaves
143,Michael,Bartels,1968/3/8,German,http://en.wikipedia.org/wiki/Michael_Bartels
144,Naoki,Hattori,1966/6/13,Japanese,http://en.wikipedia.org/wiki/Naoki_Hattori
145,Alessandro,Nannini,1959/7/7,Italian,http://en.wikipedia.org/wiki/Alessandro_Nannini
146,Bernd,Schneider,1964/7/20,German,http://en.wikipedia.org/wiki/Bernd_Schneider_(racecar_driver)
147,Paolo,Barilla,1961/4/20,Italian,http://en.wikipedia.org/wiki/Paolo_Barilla
148,Gregor,Foitek,1965/3/27,Swiss,http://en.wikipedia.org/wiki/Gregor_Foitek
149,Claudio,Langes,1960/7/20,Italian,http://en.wikipedia.org/wiki/Claudio_Langes
150,Gary,Brabham,1961/3/29,Australian,http://en.wikipedia.org/wiki/Gary_Brabham
151,Martin,Donnelly,1964/3/26,British,http://en.wikipedia.org/wiki/Martin_Donnelly_(racing_driver)
152,Bruno,Giacomelli,1952/9/10,Italian,http://en.wikipedia.org/wiki/Bruno_Giacomelli
153,Jaime,Alguersuari,1990/3/23,Spanish,http://en.wikipedia.org/wiki/Jaime_Alguersuari
154,Romain,Grosjean,1986/4/17,French,http://en.wikipedia.org/wiki/Romain_Grosjean
155,Kamui,Kobayashi,1986/9/13,Japanese,http://en.wikipedia.org/wiki/Kamui_Kobayashi
156,Jonathan,Palmer,1956/11/7,British,http://en.wikipedia.org/wiki/Jonathan_Palmer
157,Christian,Danner,1958/4/4,German,http://en.wikipedia.org/wiki/Christian_Danner
158,Eddie,Cheever,1958/1/10,American,http://en.wikipedia.org/wiki/Eddie_Cheever
159,Luis,P̩rez-Sala,1959/5/15,Spanish,http://en.wikipedia.org/wiki/Luis_Perez-Sala
160,Piercarlo,Ghinzani,1952/1/16,Italian,http://en.wikipedia.org/wiki/Piercarlo_Ghinzani
161,Volker,Weidler,1962/3/18,German,http://en.wikipedia.org/wiki/Volker_Weidler
162,Pierre-Henri,Raphanel,1961/5/27,French,http://en.wikipedia.org/wiki/Pierre-Henri_Raphanel
163,Ren̩,Arnoux,1948/7/4,French,http://en.wikipedia.org/wiki/Ren%C3%A9_Arnoux
164,Joachim,Winkelhock,1960/10/24,German,http://en.wikipedia.org/wiki/Joachim_Winkelhock
165,Oscar,Larrauri,1954/8/19,Argentine,http://en.wikipedia.org/wiki/Oscar_Larrauri
166,Philippe,Streiff,1955/6/26,French,http://en.wikipedia.org/wiki/Philippe_Streiff
167,Adrián,Campos,1960/6/17,Spanish,http://en.wikipedia.org/wiki/Adri%C3%A1n_Campos
168,Jean-Louis,Schlesser,1948/9/12,French,http://en.wikipedia.org/wiki/Jean-Louis_Schlesser
169,Pascal,Fabre,1960/1/9,French,http://en.wikipedia.org/wiki/Pascal_Fabre
170,Teo,Fabi,1955/3/9,Italian,http://en.wikipedia.org/wiki/Teo_Fabi
171,Franco,Forini,1958/9/22,Swiss,http://en.wikipedia.org/wiki/Franco_Forini
172,Jacques,Laffite,1943/11/21,French,http://en.wikipedia.org/wiki/Jacques_Laffite
173,Elio,de Angelis,1958/3/26,Italian,http://en.wikipedia.org/wiki/Elio_de_Angelis
174,Johnny,Dumfries,1958/4/26,British,http://en.wikipedia.org/wiki/Johnny_Dumfries
175,Patrick,Tambay,1949/6/25,French,http://en.wikipedia.org/wiki/Patrick_Tambay
176,Marc,Surer,1951/9/18,Swiss,http://en.wikipedia.org/wiki/Marc_Surer
177,Keke,Rosberg,1948/12/6,Finnish,http://en.wikipedia.org/wiki/Keke_Rosberg
178,Alan,Jones,1946/11/2,Australian,http://en.wikipedia.org/wiki/Alan_Jones_(Formula_1)
179,Huub,Rothengatter,1954/10/8,Dutch,http://en.wikipedia.org/wiki/Huub_Rothengatter
180,Allen,Berg,1961/8/1,Canadian,http://en.wikipedia.org/wiki/Allen_Berg
181,Manfred,Winkelhock,1951/10/6,German,http://en.wikipedia.org/wiki/Manfred_Winkelhock
182,Niki,Lauda,1949/2/22,Austrian,http://en.wikipedia.org/wiki/Niki_Lauda
183,Fran̤ois,Hesnault,1956/12/30,French,http://en.wikipedia.org/wiki/Fran%C3%A7ois_Hesnault
184,Mauro,Baldi,1954/1/31,Italian,http://en.wikipedia.org/wiki/Mauro_Baldi
185,Stefan,Bellof,1957/11/20,German,http://en.wikipedia.org/wiki/Stefan_Bellof
186,Kenny,Acheson,1957/11/27,British,http://en.wikipedia.org/wiki/Kenny_Acheson
187,John,Watson,1946/5/4,British,http://en.wikipedia.org/wiki/John_Watson_(racing_driver)
188,Johnny,Cecotto,1956/1/25,Venezuelan,http://en.wikipedia.org/wiki/Johnny_Cecotto
189,Jo,Gartner,1954/1/24,Austrian,http://en.wikipedia.org/wiki/Jo_Gartner
190,Corrado,Fabi,1961/4/12,Italian,http://en.wikipedia.org/wiki/Corrado_Fabi
191,Mike,Thackwell,1961/3/30,New Zealander,http://en.wikipedia.org/wiki/Mike_Thackwell
192,Chico,Serra,1957/2/3,Brazilian,http://en.wikipedia.org/wiki/Chico_Serra
193,Danny,Sullivan,1950/3/9,American,http://en.wikipedia.org/wiki/Danny_Sullivan
194,Eliseo,Salazar,1954/11/14,Chilean,http://en.wikipedia.org/wiki/Eliseo_Salazar
195,Roberto,Guerrero,1958/11/16,Colombian,http://en.wikipedia.org/wiki/Roberto_Guerrero
196,Raul,Boesel,1957/12/4,Brazilian,http://en.wikipedia.org/wiki/Raul_Boesel
197,Jean-Pierre,Jarier,1946/7/10,French,http://en.wikipedia.org/wiki/Jean-Pierre_Jarier
198,Jacques,Villeneuve Sr.,1953/11/4,Canadian,http://en.wikipedia.org/wiki/Jacques_Villeneuve_(elder)
199,Carlos,Reutemann,1942/4/12,Argentine,http://en.wikipedia.org/wiki/Carlos_Reutemann
200,Jochen,Mass,1946/9/30,German,http://en.wikipedia.org/wiki/Jochen_Mass
201,Slim,Borgudd,1946/11/25,Swedish,http://en.wikipedia.org/wiki/Slim_Borgudd
202,Didier,Pironi,1952/3/26,French,http://en.wikipedia.org/wiki/Didier_Pironi
203,Gilles,Villeneuve,1950/1/18,Canadian,http://en.wikipedia.org/wiki/Gilles_Villeneuve
204,Riccardo,Paletti,1958/6/15,Italian,http://en.wikipedia.org/wiki/Riccardo_Paletti
205,Brian,Henton,1946/9/19,British,http://en.wikipedia.org/wiki/Brian_Henton
206,Derek,Daly,1953/3/11,Irish,http://en.wikipedia.org/wiki/Derek_Daly
207,Mario,Andretti,1940/2/28,American,http://en.wikipedia.org/wiki/Mario_Andretti
208,Emilio,de Villota,1946/7/26,Spanish,http://en.wikipedia.org/wiki/Emilio_de_Villota
209,Geoff,Lees,1951/5/1,British,http://en.wikipedia.org/wiki/Geoff_Lees
210,Tommy,Byrne,1958/5/6,Irish,http://en.wikipedia.org/wiki/Tommy_Byrne_%28racing_driver%29
211,Rupert,Keegan,1955/2/26,British,http://en.wikipedia.org/wiki/Rupert_Keegan
212,Hector,Rebaque,1956/2/5,Mexican,http://en.wikipedia.org/wiki/Hector_Rebaque
213,Beppe,Gabbiani,1957/1/2,Italian,http://en.wikipedia.org/wiki/Beppe_Gabbiani
214,Kevin,Cogan,1956/3/31,American,http://en.wikipedia.org/wiki/Kevin_Cogan
215,Miguel ́ngel,Guerra,1953/8/31,Argentine,http://en.wikipedia.org/wiki/Miguel_Angel_Guerra
216,Siegfried,Stohr,1952/10/10,Italian,http://en.wikipedia.org/wiki/Siegfried_Stohr
217,Ricardo,Zunino,1949/4/13,Argentine,http://en.wikipedia.org/wiki/Ricardo_Zunino
218,Ricardo,Londo̱o,1949/8/8,Colombian,http://en.wikipedia.org/wiki/Ricardo_Londo%C3%B1o
219,Jean-Pierre,Jabouille,1942/10/1,French,http://en.wikipedia.org/wiki/Jean-Pierre_Jabouille
220,Giorgio,Francia,1947/11/8,Italian,http://en.wikipedia.org/wiki/Giorgio_Francia
221,Patrick,Depailler,1944/8/9,French,http://en.wikipedia.org/wiki/Patrick_Depailler
222,Jody,Scheckter,1950/1/29,South African,http://en.wikipedia.org/wiki/Jody_Scheckter
223,Clay,Regazzoni,1939/9/5,Swiss,http://en.wikipedia.org/wiki/Clay_Regazzoni
224,Emerson,Fittipaldi,1946/12/12,Brazilian,http://en.wikipedia.org/wiki/Emerson_Fittipaldi
225,Dave,Kennedy,1953/1/15,Irish,http://en.wikipedia.org/wiki/David_Kennedy_(racing_driver)
226,Stephen,South,1952/2/19,British,http://en.wikipedia.org/wiki/Stephen_South
227,Tiff,Needell,1951/10/29,British,http://en.wikipedia.org/wiki/Tiff_Needell
228,Desir̩,Wilson,1953/11/26,South African,http://en.wikipedia.org/wiki/Desir%C3%A9_Wilson
229,Harald,Ertl,1948/8/31,Austrian,http://en.wikipedia.org/wiki/Harald_Ertl
230,Vittorio,Brambilla,1937/11/11,Italian,http://en.wikipedia.org/wiki/Vittorio_Brambilla
231,James,Hunt,1947/8/29,British,http://en.wikipedia.org/wiki/James_Hunt
232,Arturo,Merzario,1943/3/11,Italian,http://en.wikipedia.org/wiki/Arturo_Merzario
233,Hans-Joachim,Stuck,1951/1/1,German,http://en.wikipedia.org/wiki/Hans_Joachim_Stuck
234,Gianfranco,Brancatelli,1950/1/18,Italian,http://en.wikipedia.org/wiki/Gianfranco_Brancatelli
235,Jacky,Ickx,1945/1/1,Belgian,http://en.wikipedia.org/wiki/Jacky_Ickx
236,Patrick,Gaillard,1952/2/12,French,http://en.wikipedia.org/wiki/Patrick_Gaillard
237,Alex,Ribeiro,1948/11/7,Brazilian,http://en.wikipedia.org/wiki/Alex_Ribeiro
238,Ronnie,Peterson,1944/2/14,Swedish,http://en.wikipedia.org/wiki/Ronnie_Peterson
239,Brett,Lunger,1945/11/14,American,http://en.wikipedia.org/wiki/Brett_Lunger
240,Danny,Ongais,1942/5/21,American,http://en.wikipedia.org/wiki/Danny_Ongais
241,Lamberto,Leoni,1953/5/24,Italian,http://en.wikipedia.org/wiki/Lamberto_Leoni
242,Divina,Galica,1944/8/13,British,http://en.wikipedia.org/wiki/Divina_Galica
243,Rolf,Stommelen,1943/7/11,German,http://en.wikipedia.org/wiki/Rolf_Stommelen
244,Alberto,Colombo,1946/2/23,Italian,http://en.wikipedia.org/wiki/Alberto_Colombo
245,Tony,Trimmer,1943/1/24,British,http://en.wikipedia.org/wiki/Tony_Trimmer
246,Hans,Binder,1948/6/12,Austrian,http://en.wikipedia.org/wiki/Hans_Binder
247,Michael,Bleekemolen,1949/10/2,Dutch,http://en.wikipedia.org/wiki/Michael_Bleekemolen
248,Carlo,Franchi,1938/1/1,Italian,http://en.wikipedia.org/wiki/Gimax
249,Bobby,Rahal,1953/1/10,American,http://en.wikipedia.org/wiki/Bobby_Rahal
250,Carlos,Pace,1944/10/6,Brazilian,http://en.wikipedia.org/wiki/Carlos_Pace
251,Ian,Scheckter,1947/8/22,South African,http://en.wikipedia.org/wiki/Ian_Scheckter
252,Tom,Pryce,1949/6/11,British,http://en.wikipedia.org/wiki/Tom_Pryce
253,Ingo,Hoffmann,1953/2/28,Brazilian,http://en.wikipedia.org/wiki/Ingo_Hoffmann
254,Renzo,Zorzi,1946/12/12,Italian,http://en.wikipedia.org/wiki/Renzo_Zorzi
255,Gunnar,Nilsson,1948/11/20,Swedish,http://en.wikipedia.org/wiki/Gunnar_Nilsson
256,Larry,Perkins,1950/3/18,Australian,http://en.wikipedia.org/wiki/Larry_Perkins
257,Boy,Lunger,1949/5/3,Dutch,http://en.wikipedia.org/wiki/Boy_Hayje
258,Patrick,N̬ve,1949/10/13,Belgian,http://en.wikipedia.org/wiki/Patrick_Neve
259,David,Purley,1945/1/26,British,http://en.wikipedia.org/wiki/David_Purley
260,Conny,Andersson,1939/12/28,Swedish,http://en.wikipedia.org/wiki/Conny_Andersson_(racing_driver)
261,Bernard,de Dryver,1952/9/19,Belgian,http://en.wikipedia.org/wiki/Bernard_de_Dryver
262,Jackie,Oliver,1942/8/14,British,http://en.wikipedia.org/wiki/Jackie_Oliver
263,Mikko,Kozarowitzky,1948/5/17,Finnish,http://en.wikipedia.org/wiki/Mikko_Kozarowitzky
264,Andy,Sutcliffe,1947/5/9,British,http://en.wikipedia.org/wiki/Andy_Sutcliffe
265,Guy,Edwards,1942/12/30,British,http://en.wikipedia.org/wiki/Guy_Edwards
266,Brian,McGuire,1945/12/13,Australian,http://en.wikipedia.org/wiki/Brian_McGuire
267,Vern,Schuppan,1943/3/19,Australian,http://en.wikipedia.org/wiki/Vern_Schuppan
268,Hans,Heyer,1943/3/16,German,http://en.wikipedia.org/wiki/Hans_Heyer
269,Teddy,Pilette,1942/7/26,Belgian,http://en.wikipedia.org/wiki/Teddy_Pilette
270,Ian,Ashley,1947/10/26,British,http://en.wikipedia.org/wiki/Ian_Ashley
271,Loris,Kessel,1950/4/1,Swiss,http://en.wikipedia.org/wiki/Loris_Kessel
272,Kunimitsu,Takahashi,1940/1/29,Japanese,http://en.wikipedia.org/wiki/Kunimitsu_Takahashi
273,Kazuyoshi,Hoshino,1947/7/1,Japanese,http://en.wikipedia.org/wiki/Kazuyoshi_Hoshino
274,Noritake,Takahara,1951/6/6,Japanese,http://en.wikipedia.org/wiki/Noritake_Takahara
275,Lella,Lombardi,1941/3/26,Italian,http://en.wikipedia.org/wiki/Lella_Lombardi
276,Bob,Evans,1947/6/11,British,http://en.wikipedia.org/wiki/Bob_Evans_(race_driver)
277,Michel,Lecl̬re,1946/3/18,French,http://en.wikipedia.org/wiki/Michel_Lecl%C3%A8re
278,Chris,Amon,1943/7/20,New Zealander,http://en.wikipedia.org/wiki/Chris_Amon
279,Emilio,Zapico,1944/5/27,Spanish,http://en.wikipedia.org/wiki/Emilio_Zapico
280,Henri,Pescarolo,1942/9/25,French,http://en.wikipedia.org/wiki/Henri_Pescarolo
281,Jac,Nelleman,1944/4/19,Danish,http://en.wikipedia.org/wiki/Jac_Nelleman
282,Damien,Magee,1945/11/17,British,http://en.wikipedia.org/wiki/Damien_Magee
283,Mike,Wilds,1946/1/7,British,http://en.wikipedia.org/wiki/Mike_Wilds
284,Alessandro,Pesenti-Rossi,1942/8/31,Italian,http://en.wikipedia.org/wiki/Alessandro_Pesenti-Rossi
285,Otto,Stuppacher,1947/3/3,Austrian,http://en.wikipedia.org/wiki/Otto_Stuppacher
286,Warwick,Brown,1949/12/24,Australian,http://en.wikipedia.org/wiki/Warwick_Brown
287,Masahiro,Hasemi,1945/11/13,Japanese,http://en.wikipedia.org/wiki/Masahiro_Hasemi
288,Mark,Donohue,1937/3/18,American,http://en.wikipedia.org/wiki/Mark_Donohue
289,Graham,Hill,1929/2/15,British,http://en.wikipedia.org/wiki/Graham_Hill
290,Wilson,Fittipaldi,1943/12/25,Brazilian,http://en.wikipedia.org/wiki/Wilson_Fittipaldi
291,Guy,Tunmer,1948/12/1,South African,http://en.wikipedia.org/wiki/Guy_Tunmer
292,Eddie,Keizan,1944/9/12,South African,http://en.wikipedia.org/wiki/Eddie_Keizan
293,Dave,Charlton,1936/10/27,South African,http://en.wikipedia.org/wiki/Dave_Charlton
294,Tony,Brise,1952/3/28,British,http://en.wikipedia.org/wiki/Tony_Brise
295,Roelof,Wunderink,1948/12/12,Dutch,http://en.wikipedia.org/wiki/Roelof_Wunderink
296,Fran̤ois,Migault,1944/12/4,French,http://en.wikipedia.org/wiki/Fran%C3%A7ois_Migault
297,Torsten,Palm,1947/7/23,Swedish,http://en.wikipedia.org/wiki/Torsten_Palm
298,Gijs,van Lennep,1942/3/16,Dutch,http://en.wikipedia.org/wiki/Gijs_Van_Lennep
299,Hiroshi,Fushida,1946/3/10,Japanese,http://en.wikipedia.org/wiki/Hiroshi_Fushida
300,John,Nicholson,1941/10/6,New Zealander,http://en.wikipedia.org/wiki/John_Nicholson_(racing_driver)
301,Dave,Morgan,1944/8/7,British,http://en.wikipedia.org/wiki/Dave_Morgan_(racing_driver)
302,Jim,Crawford,1948/2/13,British,http://en.wikipedia.org/wiki/Jim_Crawford_(driver)
303,Jo,Vonlanthen,1942/5/31,Swiss,http://en.wikipedia.org/wiki/Jo_Vonlanthen
304,Denny,Hulme,1936/6/18,New Zealander,http://en.wikipedia.org/wiki/Denny_Hulme
305,Mike,Hailwood,1940/4/2,British,http://en.wikipedia.org/wiki/Mike_Hailwood
306,Jean-Pierre,Beltoise,1937/4/26,French,http://en.wikipedia.org/wiki/Jean-Pierre_Beltoise
307,Howden,Ganley,1941/12/24,New Zealander,http://en.wikipedia.org/wiki/Howden_Ganley
308,Richard,Robarts,1944/9/22,British,http://en.wikipedia.org/wiki/Richard_Robarts
309,Peter,Revson,1939/2/27,American,http://en.wikipedia.org/wiki/Peter_Revson
310,Paddy,Driver,1934/5/13,South African,http://en.wikipedia.org/wiki/Paddy_Driver
311,Tom,Belsø,1942/8/27,Danish,http://en.wikipedia.org/wiki/Tom_Bels%C3%B8
312,Brian,Redman,1937/3/9,British,http://en.wikipedia.org/wiki/Brian_Redman
313,Rikky,von Opel,1947/10/14,Liechtensteiner,http://en.wikipedia.org/wiki/Rikky_von_Opel
314,Tim,Schenken,1943/9/26,Australian,http://en.wikipedia.org/wiki/Tim_Schenken
315,G̩rard,Larrousse,1940/5/23,French,http://en.wikipedia.org/wiki/G%C3%A9rard_Larrousse
316,Leo,Kinnunen,1943/8/5,Finnish,http://en.wikipedia.org/wiki/Leo_Kinnunen
317,Reine,Wisell,1941/9/30,Swedish,http://en.wikipedia.org/wiki/Reine_Wisell
318,Bertil,Roos,1943/10/12,Swedish,http://en.wikipedia.org/wiki/Bertil_Roos
319,Jos̩,Dolhem,1944/4/26,French,http://en.wikipedia.org/wiki/Jos%C3%A9_Dolhem
320,Peter,Gethin,1940/2/21,British,http://en.wikipedia.org/wiki/Peter_Gethin
321,Derek,Bell,1941/10/31,British,http://en.wikipedia.org/wiki/Derek_Bell_(auto_racer)
322,David,Hobbs,1939/6/9,British,http://en.wikipedia.org/wiki/David_Hobbs_(racing_driver)
323,Dieter,Quester,1939/5/30,Austrian,http://en.wikipedia.org/wiki/Dieter_Quester
324,Helmuth,Koinigg,1948/11/3,Austrian,http://en.wikipedia.org/wiki/Helmuth_Koinigg
325,Carlo,Facetti,1935/6/26,Italian,http://en.wikipedia.org/wiki/Carlo_Facetti
326,Eppie,Wietzes,1938/5/28,Canadian,http://en.wikipedia.org/wiki/Eppie_Wietzes
327,Fran̤ois,Cevert,1944/2/25,French,http://en.wikipedia.org/wiki/Fran%C3%A7ois_Cevert
328,Jackie,Stewart,1939/6/11,British,http://en.wikipedia.org/wiki/Jackie_Stewart
329,Mike,Beuttler,1940/4/13,British,http://en.wikipedia.org/wiki/Mike_Beuttler
330,Nanni,Galli,1940/10/2,Italian,http://en.wikipedia.org/wiki/Nanni_Galli
331,Luiz,Bueno,1937/1/16,Brazilian,http://en.wikipedia.org/wiki/Luiz_Bueno
332,George,Follmer,1934/1/27,American,http://en.wikipedia.org/wiki/George_Follmer
333,Andrea,de Adamich,1941/10/3,Italian,http://en.wikipedia.org/wiki/Andrea_de_Adamich
334,Jackie,Pretorius,1934/11/22,South African,http://en.wikipedia.org/wiki/Jackie_Pretorius
335,Roger,Williamson,1948/2/2,British,http://en.wikipedia.org/wiki/Roger_Williamson
336,Graham,McRae,1940/3/5,New Zealander,http://en.wikipedia.org/wiki/Graham_McRae
337,Helmut,Marko,1943/4/27,Austrian,http://en.wikipedia.org/wiki/Helmut_Marko
338,David,Walker,1941/6/10,Australian,http://en.wikipedia.org/wiki/David_Walker_(racing_driver)
339,Alex,Soler-Roig,1932/10/29,Spanish,http://en.wikipedia.org/wiki/Alex_Soler-Roig
340,John,Love,1924/12/7,Rhodesian,http://en.wikipedia.org/wiki/John_Love_(racing_driver)
341,John,Surtees,1934/2/11,British,http://en.wikipedia.org/wiki/John_Surtees
342,Skip,Barber,1936/11/16,American,http://en.wikipedia.org/wiki/Skip_Barber
343,Bill,Brack,1935/12/26,Canadian,http://en.wikipedia.org/wiki/Bill_Brack
344,Sam,Posey,1944/5/26,American,http://en.wikipedia.org/wiki/Sam_Posey
345,Pedro,RodrÃ_guez,1940/1/18,Mexican,http://en.wikipedia.org/wiki/Pedro_Rodr%C3%ADguez_(racing_driver)
346,Jo,Siffert,1936/7/7,Swiss,http://en.wikipedia.org/wiki/Jo_Siffert
347,Jo,Bonnier,1930/1/31,Swedish,http://en.wikipedia.org/wiki/Joakim_Bonnier
348,Fran̤ois,Mazet,1943/2/24,French,http://en.wikipedia.org/wiki/Fran%C3%A7ois_Mazet
349,Max,Jean,1943/7/27,French,http://en.wikipedia.org/wiki/Max_Jean
350,Vic,Elford,1935/6/10,British,http://en.wikipedia.org/wiki/Vic_Elford
351,Silvio,Moser,1941/4/24,Swiss,http://en.wikipedia.org/wiki/Silvio_Moser
352,George,Eaton,1945/11/12,Canadian,http://en.wikipedia.org/wiki/George_Eaton
353,Pete,Lovely,1926/4/11,American,http://en.wikipedia.org/wiki/Pete_Lovely
354,Chris,Craft,1939/11/17,British,http://en.wikipedia.org/wiki/Chris_Craft_(racing_driver)
355,John,Cannon,1933/6/21,Canadian,http://en.wikipedia.org/wiki/John_Cannon_(auto_racer)
356,Jack,Brabham,1926/4/2,Australian,http://en.wikipedia.org/wiki/Jack_Brabham
357,John,Miles,1943/6/14,British,http://en.wikipedia.org/wiki/John_Miles_(auto_racer)
358,Jochen,Rindt,1942/4/18,Austrian,http://en.wikipedia.org/wiki/Jochen_Rindt
359,Johnny,Servoz-Gavin,1942/1/18,French,http://en.wikipedia.org/wiki/Johnny_Servoz-Gavin
360,Bruce,McLaren,1937/8/30,New Zealander,http://en.wikipedia.org/wiki/Bruce_McLaren
361,Piers,Courage,1942/5/27,British,http://en.wikipedia.org/wiki/Piers_Courage
362,Peter,de Klerk,1935/3/16,South African,http://en.wikipedia.org/wiki/Peter_de_Klerk
363,Ignazio,Giunti,1941/8/30,Italian,http://en.wikipedia.org/wiki/Ignazio_Giunti
364,Dan,Gurney,1931/4/13,American,http://en.wikipedia.org/wiki/Dan_Gurney
365,Hubert,Hahne,1935/3/28,German,http://en.wikipedia.org/wiki/Hubert_Hahne
366,Gus,Hutchison,1937/4/26,American,http://en.wikipedia.org/wiki/Gus_Hutchison
367,Peter,Westbury,1938/5/26,British,http://en.wikipedia.org/wiki/Peter_Westbury
368,Sam,Tingle,1921/8/24,Rhodesian,http://en.wikipedia.org/wiki/Sam_Tingle
369,Basil,van Rooyen,1939/4/19,South African,http://en.wikipedia.org/wiki/Basil_van_Rooyen
370,Richard,Attwood,1940/4/4,British,http://en.wikipedia.org/wiki/Richard_Attwood
371,Al,Pease,1921/10/15,Canadian,http://en.wikipedia.org/wiki/Al_Pease
372,John,Cordts,1935/7/23,Canadian,http://en.wikipedia.org/wiki/John_Cordts
373,Jim,Clark,1936/3/4,British,http://en.wikipedia.org/wiki/Jim_Clark
374,Mike,Spence,1936/12/30,British,http://en.wikipedia.org/wiki/Mike_Spence
375,Ludovico,Scarfiotti,1933/10/18,Italian,http://en.wikipedia.org/wiki/Ludovico_Scarfiotti
376,Lucien,Bianchi,1934/11/10,Belgian,http://en.wikipedia.org/wiki/Lucien_Bianchi
377,Jo,Schlesser,1928/5/18,French,http://en.wikipedia.org/wiki/Jo_Schlesser
378,Robin,Widdows,1942/5/27,British,http://en.wikipedia.org/wiki/Robin_Widdows
379,Kurt,Ahrens,1940/4/19,German,"http://en.wikipedia.org/wiki/Kurt_Ahrens,_Jr."
380,Frank,Gardner,1930/10/1,Australian,http://en.wikipedia.org/wiki/Frank_Gardner_(driver)
381,Bobby,Unser,1934/2/20,American,http://en.wikipedia.org/wiki/Bobby_Unser
382,Mois̩s,Solana,1935/12/26,Mexican,http://en.wikipedia.org/wiki/Mois%C3%A9s_Solana
383,Bob,Anderson,1931/5/19,British,http://en.wikipedia.org/wiki/Bob_Anderson_(racing_driver)
384,Luki,Botha,1930/1/16,South African,http://en.wikipedia.org/wiki/Luki_Botha
385,Lorenzo,Bandini,1935/12/21,Italian,http://en.wikipedia.org/wiki/Lorenzo_Bandini
386,Richie,Ginther,1930/8/5,American,http://en.wikipedia.org/wiki/Richie_Ginther
387,Mike,Parkes,1931/9/24,British,http://en.wikipedia.org/wiki/Mike_Parkes
388,Chris,Irwin,1942/6/27,British,http://en.wikipedia.org/wiki/Chris_Irwin
389,Guy,Ligier,1930/7/12,French,http://en.wikipedia.org/wiki/Guy_Ligier
390,Alan,Rees,1938/1/12,British,http://en.wikipedia.org/wiki/Alan_Rees_(racing_driver)
391,Brian,Hart,1936/9/7,British,http://en.wikipedia.org/wiki/Brian_Hart
392,Mike,Fisher,1943/3/13,American,http://en.wikipedia.org/wiki/Mike_Fisher_(driver)
393,Tom,Jones,1943/4/26,American,http://en.wikipedia.org/wiki/Tom_Jones_(auto_racer)
394,Giancarlo,Baghetti,1934/12/25,Italian,http://en.wikipedia.org/wiki/Giancarlo_Baghetti
395,Jonathan,Williams,1942/10/26,British,http://en.wikipedia.org/wiki/Jonathan_Williams_(racing_driver)
396,Bob,Bondurant,1933/4/27,American,http://en.wikipedia.org/wiki/Bob_Bondurant
397,Peter,Arundell,1933/11/8,British,http://en.wikipedia.org/wiki/Peter_Arundell
398,Vic,Wilson,1931/4/14,British,http://en.wikipedia.org/wiki/Vic_Wilson_(motor_racing_driver)
399,John,Taylor,1933/3/23,British,http://en.wikipedia.org/wiki/John_Taylor_(racer)
400,Chris,Lawrence,1933/7/27,British,http://en.wikipedia.org/wiki/Chris_Lawrence_(racing_driver)
401,Trevor,Taylor,1936/12/26,British,http://en.wikipedia.org/wiki/Trevor_Taylor
402,Giacomo,Russo,1937/10/23,Italian,http://en.wikipedia.org/wiki/Geki_(driver)
403,Phil,Hill,1927/4/20,American,http://en.wikipedia.org/wiki/Phil_Hill
404,Innes,Ireland,1930/6/12,British,http://en.wikipedia.org/wiki/Innes_Ireland
405,Ronnie,Bucknum,1936/4/5,American,http://en.wikipedia.org/wiki/Ronnie_Bucknum
406,Paul,Hawkins,1937/10/12,Australian,http://en.wikipedia.org/wiki/Paul_Hawkins_(racing_driver)
407,David,Prophet,1937/10/9,British,http://en.wikipedia.org/wiki/David_Prophet
408,Tony,Maggs,1937/2/9,South African,http://en.wikipedia.org/wiki/Tony_Maggs
409,Trevor,Blokdyk,1935/11/30,South African,http://en.wikipedia.org/wiki/Trevor_Blokdyk
410,Neville,Lederle,1938/9/25,South African,http://en.wikipedia.org/wiki/Neville_Lederle
411,Doug,Serrurier,1920/12/9,South African,http://en.wikipedia.org/wiki/Doug_Serrurier
412,Brausch,Niemann,1939/1/7,South African,http://en.wikipedia.org/wiki/Brausch_Niemann
413,Ernie,Pieterse,1938/7/4,South African,http://en.wikipedia.org/wiki/Ernie_Pieterse
414,Clive,Puzey,1941/7/11,Rhodesian,http://en.wikipedia.org/wiki/Clive_Puzey
415,Ray,Reed,NULL,South African,http://en.wikipedia.org/wiki/Ray_Reed
416,David,Clapham,1931/5/18,South African,http://en.wikipedia.org/wiki/David_Clapham
417,Alex,Blignaut,1932/11/30,South African,http://en.wikipedia.org/wiki/Alex_Blignaut
418,Masten,Gregory,1932/2/29,American,http://en.wikipedia.org/wiki/Masten_Gregory
419,John,Rhodes,1927/8/18,British,http://en.wikipedia.org/wiki/John_Rhodes_(driver)
420,Ian,Raby,1921/9/22,British,http://en.wikipedia.org/wiki/Ian_Raby
421,Alan,Rollinson,1943/5/15,British,http://en.wikipedia.org/wiki/Alan_Rollinson
422,Brian,Gubby,1934/4/17,British,http://en.wikipedia.org/wiki/Brian_Gubby
423,Gerhard,Mitter,1935/8/30,German,http://en.wikipedia.org/wiki/Gerhard_Mitter
424,Roberto,Bussinello,1927/10/4,Italian,http://en.wikipedia.org/wiki/Roberto_Bussinello
425,Nino,Vaccarella,1933/3/4,Italian,http://en.wikipedia.org/wiki/Nino_Vaccarella
426,Giorgio,Bassi,1934/1/20,Italian,http://en.wikipedia.org/wiki/Giorgio_Bassi
427,Maurice,Trintignant,1917/10/30,French,http://en.wikipedia.org/wiki/Maurice_Trintignant
428,Bernard,Collomb,1930/10/7,French,http://en.wikipedia.org/wiki/Bernard_Collomb
429,Andr̩,Pilette,1918/10/6,Belgian,http://en.wikipedia.org/wiki/Andr%C3%A9_Pilette
430,Carel Godin,de Beaufort,1934/4/10,Dutch,http://en.wikipedia.org/wiki/Carel_Godin_de_Beaufort
431,Edgar,Barth,1917/1/26,German,http://en.wikipedia.org/wiki/Edgar_Barth
432,Mário de Araújo,Cabral,1934/1/15,Portuguese,http://en.wikipedia.org/wiki/Mario_de_Araujo_Cabral
433,Walt,Hansgen,1919/10/28,American,http://en.wikipedia.org/wiki/Walt_Hansgen
434,Hap,Sharp,1928/1/1,American,http://en.wikipedia.org/wiki/Hap_Sharp
435,Willy,Mairesse,1928/10/1,Belgian,http://en.wikipedia.org/wiki/Willy_Mairesse
436,John,Campbell-Jones,1930/1/21,British,http://en.wikipedia.org/wiki/John_Campbell-Jones
437,Ian,Burgess,1930/7/6,British,http://en.wikipedia.org/wiki/Ian_Burgess
438,Tony,Settember,1926/7/10,American,http://en.wikipedia.org/wiki/Tony_Settember
439,Nasif,Est̩fano,1932/11/18,Argentine,http://en.wikipedia.org/wiki/Nasif_Est%C3%A9fano
440,Jim,Hall,1935/7/23,American,http://en.wikipedia.org/wiki/Jim_Hall_(race_car_driver)
441,Tim,Parnell,1932/6/25,British,http://en.wikipedia.org/wiki/Tim_Parnell
442,Kurt,Kuhnke,1910/4/30,German,http://en.wikipedia.org/wiki/Kurt_Kuhnke
443,Ernesto,Brambilla,1934/1/31,Italian,http://en.wikipedia.org/wiki/Ernesto_Brambilla
444,Roberto,Lippi,1926/10/17,Italian,http://en.wikipedia.org/wiki/Roberto_Lippi
445,GÃ_nther,Seiffert,1937/10/18,German,http://en.wikipedia.org/wiki/G%C3%BCnther_Seiffert
446,Carlo,Abate,1932/7/10,Italian,http://en.wikipedia.org/wiki/Carlo_Mario_Abate
447,Gaetano,Starrabba,1932/12/3,Italian,http://en.wikipedia.org/wiki/Gaetano_Starrabba
448,Peter,Broeker,1926/5/15,Canadian,http://en.wikipedia.org/wiki/Peter_Broeker
449,Rodger,Ward,1921/1/10,American,http://en.wikipedia.org/wiki/Rodger_Ward
450,Ernie,de Vos,1941/7/1,Dutch,http://en.wikipedia.org/wiki/Ernie_de_Vos
451,Frank,Dochnal,1920/10/8,American,http://en.wikipedia.org/wiki/Frank_Dochnal
452,Thomas,Monarch,1945/9/3,American,
842,Pierre,Gasly,1996/2/7,French,http://en.wikipedia.org/wiki/Pierre_Gasly
453,Jackie,Lewis,1936/11/1,British,http://en.wikipedia.org/wiki/Jackie_Lewis
454,Ricardo,GÃ_nther,1942/2/14,Mexican,http://en.wikipedia.org/wiki/Ricardo_Rodr%C3%ADguez_(Formula_One)
455,Wolfgang,Seidel,1926/7/4,German,http://en.wikipedia.org/wiki/Wolfgang_Seidel
456,Roy,Salvadori,1922/5/12,British,http://en.wikipedia.org/wiki/Roy_Salvadori
457,Ben,Pon,1936/12/9,Dutch,http://en.wikipedia.org/wiki/Ben_Pon
458,Rob,Slotemaker,1929/6/13,Dutch,http://en.wikipedia.org/wiki/Rob_Slotemaker
459,Tony,Marsh,1931/7/20,British,http://en.wikipedia.org/wiki/Tony_Marsh_(racing_driver)
460,Gerry,Ashmore,1936/7/25,British,http://en.wikipedia.org/wiki/Gerry_Ashmore
461,Heinz,Schiller,1930/1/25,Swiss,http://en.wikipedia.org/wiki/Heinz_Schiller
462,Colin,Davis,1933/7/29,British,http://en.wikipedia.org/wiki/Colin_Davis_(driver)
463,Jay,Chamberlain,1925/12/29,American,http://en.wikipedia.org/wiki/Jay_Chamberlain
464,Tony,Shelly,1937/2/2,New Zealander,http://en.wikipedia.org/wiki/Tony_Shelly
465,Keith,Greene,1938/1/5,British,http://en.wikipedia.org/wiki/Keith_Greene
466,Heini,Walter,1927/7/28,Swiss,http://en.wikipedia.org/wiki/Heini_Walter
467,Ernesto,Prinoth,1923/4/15,Italian,http://en.wikipedia.org/wiki/Ernesto_Prinoth
468,Roger,Penske,1937/2/20,American,http://en.wikipedia.org/wiki/Roger_Penske
469,Rob,Schroeder,1926/5/11,British,http://en.wikipedia.org/wiki/Rob_Schroeder
470,Timmy,Mayer,1938/2/22,American,http://en.wikipedia.org/wiki/Timmy_Mayer
471,Bruce,Johnstone,1937/1/30,South African,http://en.wikipedia.org/wiki/Bruce_Johnstone_(racing_driver)
472,Mike,Harris,1939/5/25,South African,http://en.wikipedia.org/wiki/Mike_Harris_(race_car_driver)
473,Gary,Hocking,1937/9/30,Rhodesian,http://en.wikipedia.org/wiki/Gary_Hocking
474,Syd,van der Vyver,1920/6/1,South African,http://en.wikipedia.org/wiki/Syd_van_der_Vyver
475,Stirling,Moss,1929/9/17,British,http://en.wikipedia.org/wiki/Stirling_Moss
476,Wolfgang,von Trips,1928/5/4,German,http://en.wikipedia.org/wiki/Wolfgang_Graf_Berghe_von_Trips
477,Cliff,Allison,1932/2/8,British,http://en.wikipedia.org/wiki/Cliff_Allison
478,Hans,Herrmann,1928/2/23,German,http://en.wikipedia.org/wiki/Hans_Herrmann
479,Tony,Brooks,1932/2/25,British,http://en.wikipedia.org/wiki/Tony_Brooks
480,Michael,May,1934/8/18,Swiss,http://en.wikipedia.org/wiki/Michael_May_(racing_driver)
481,Henry,Taylor,1932/12/16,British,http://en.wikipedia.org/wiki/Henry_Taylor_(racing_driver)
482,Olivier,Gendebien,1924/1/12,Belgian,http://en.wikipedia.org/wiki/Olivier_Gendebien
483,Giorgio,Scarlatti,1921/10/2,Italian,http://en.wikipedia.org/wiki/Giorgio_Scarlatti
484,Brian,Naylor,1923/3/24,British,http://en.wikipedia.org/wiki/Brian_Naylor
485,Juan Manuel,Bordeu,1934/1/28,Argentine,http://en.wikipedia.org/wiki/Juan_Manuel_Bordeu
486,Jack,Fairman,1913/3/15,British,http://en.wikipedia.org/wiki/Jack_Fairman
487,Massimo,Natili,1935/7/28,Italian,http://en.wikipedia.org/wiki/Massimo_Natili
488,Peter,Monteverdi,1934/6/7,Swiss,http://en.wikipedia.org/wiki/Peter_Monteverdi
489,Renato,Pirocchi,1933/3/26,Italian,http://en.wikipedia.org/wiki/Renato_Pirocchi
490,Geoff,Duke,1923/3/29,British,http://en.wikipedia.org/wiki/Geoff_Duke
491,Alfonso,Thiele,1920/4/5,American-Italian,http://en.wikipedia.org/wiki/Alfonso_Thiele
492,Menato,Boffa,1930/1/4,Italian,http://en.wikipedia.org/wiki/Menato_Boffa
493,Peter,Ryan,1940/6/10,Canadian,http://en.wikipedia.org/wiki/Peter_Ryan_(driver)
494,Lloyd,Ruby,1928/1/12,American,http://en.wikipedia.org/wiki/Lloyd_Ruby
495,Ken,Miles,1918/11/1,British,http://en.wikipedia.org/wiki/Ken_Miles
496,Carlos,Menditeguy,1914/8/10,Argentine,http://en.wikipedia.org/wiki/Carlos_Menditeguy
497,Alberto Rodriguez,Larreta,1934/1/14,Argentine,http://en.wikipedia.org/wiki/Alberto_Rodriguez_Larreta
498,José Froilán,González,1922/10/5,Argentine,http://en.wikipedia.org/wiki/Jos%C3%A9_Froil%C3%A1n_Gonz%C3%A1lez
499,Roberto,Bonomi,1919/9/30,Argentine,http://en.wikipedia.org/wiki/Roberto_Bonomi
500,Gino,Munaron,1928/4/2,Italian,http://en.wikipedia.org/wiki/Gino_Munaron
501,Harry,Schell,1921/6/29,American,http://en.wikipedia.org/wiki/Harry_Schell
502,Alan,Stacey,1933/8/29,British,http://en.wikipedia.org/wiki/Alan_Stacey
503,Ettore,Chimeri,1921/6/4,Venezuelan,http://en.wikipedia.org/wiki/Ettore_Chimeri
504,Antonio,Creus,1924/10/28,Spanish,http://en.wikipedia.org/wiki/Antonio_Creus
505,Chris,Bristow,1937/12/2,British,http://en.wikipedia.org/wiki/Chris_Bristow
506,Bruce,Halford,1931/5/18,British,http://en.wikipedia.org/wiki/Bruce_Halford
507,Chuck,Daigh,1923/11/29,American,http://en.wikipedia.org/wiki/Chuck_Daigh
508,Lance,Reventlow,1936/2/24,American,http://en.wikipedia.org/wiki/Lance_Reventlow
509,Jim,Rathmann,1928/7/16,American,http://en.wikipedia.org/wiki/Jim_Rathmann
510,Paul,Goldsmith,1925/10/2,American,http://en.wikipedia.org/wiki/Paul_Goldsmith
511,Don,Branson,1920/6/2,American,http://en.wikipedia.org/wiki/Don_Branson
512,Johnny,Thomson,1922/4/9,American,http://en.wikipedia.org/wiki/Johnny_Thomson
513,Eddie,Johnson,1919/2/10,American,http://en.wikipedia.org/wiki/Eddie_Johnson_(auto_racer)
514,Bob,Veith,1926/11/1,American,http://en.wikipedia.org/wiki/Bob_Veith
515,Bud,Tingelstad,1928/4/4,American,http://en.wikipedia.org/wiki/Bud_Tingelstad
516,Bob,Christie,1924/4/4,American,http://en.wikipedia.org/wiki/Bob_Christie_(racing_driver)
517,Red,Amick,1929/1/19,American,http://en.wikipedia.org/wiki/Red_Amick
518,Duane,Carter,1913/5/5,American,http://en.wikipedia.org/wiki/Duane_Carter
519,Bill,Homeier,1918/8/31,American,http://en.wikipedia.org/wiki/Bill_Homeier
520,Gene,Hartley,1926/1/28,American,http://en.wikipedia.org/wiki/Gene_Hartley
521,Chuck,Stevenson,1919/10/15,American,http://en.wikipedia.org/wiki/Chuck_Stevenson
522,Bobby,Grim,1924/9/4,American,http://en.wikipedia.org/wiki/Bobby_Grim
523,Shorty,Templeman,1919/8/12,American,http://en.wikipedia.org/wiki/Shorty_Templeman
524,Jim,Hurtubise,1932/12/5,American,http://en.wikipedia.org/wiki/Jim_Hurtubise
525,Jimmy,Bryan,1926/1/28,American,http://en.wikipedia.org/wiki/Jimmy_Bryan
526,Troy,Ruttman,1930/3/11,American,http://en.wikipedia.org/wiki/Troy_Ruttman
527,Eddie,Sachs,1927/5/28,American,http://en.wikipedia.org/wiki/Eddie_Sachs
528,Don,Freeland,1925/3/25,American,http://en.wikipedia.org/wiki/Don_Freeland
529,Tony,Bettenhausen,1916/9/12,American,http://en.wikipedia.org/wiki/Tony_Bettenhausen
530,Wayne,Weiler,1934/12/9,American,http://en.wikipedia.org/wiki/Wayne_Weiler
531,Anthony,Foyt,1935/1/16,American,http://en.wikipedia.org/wiki/A.J._Foyt
532,Eddie,Russo,1925/11/19,American,http://en.wikipedia.org/wiki/Eddie_Russo
533,Johnny,Boyd,1926/8/19,American,http://en.wikipedia.org/wiki/Johnny_Boyd
534,Gene,Force,1916/6/15,American,http://en.wikipedia.org/wiki/Gene_Force
535,Jim,McWithey,1927/7/4,American,http://en.wikipedia.org/wiki/Jim_McWithey
536,Len,Sutton,1925/8/9,American,http://en.wikipedia.org/wiki/Len_Sutton
537,Dick,Rathmann,1924/1/6,American,http://en.wikipedia.org/wiki/Dick_Rathmann
538,Al,Herman,1927/3/15,American,http://en.wikipedia.org/wiki/Al_Herman
539,Dempsey,Wilson,1927/3/11,American,http://en.wikipedia.org/wiki/Dempsey_Wilson
540,Mike,Taylor,1934/4/24,British,http://en.wikipedia.org/wiki/Mike_Taylor_(driver)
541,Ron,Flockhart,1923/6/16,British,http://en.wikipedia.org/wiki/Ron_Flockhart_(auto_racing)
542,David,Piper,1930/12/2,British,http://en.wikipedia.org/wiki/David_Piper
543,Giulio,Cabianca,1923/2/19,Italian,http://en.wikipedia.org/wiki/Giulio_Cabianca
544,Piero,Drogo,1926/8/8,Italian,http://en.wikipedia.org/wiki/Piero_Drogo
545,Fred,Gamble,1932/3/17,American,http://en.wikipedia.org/wiki/Fred_Gamble_(racing_driver)
546,Arthur,Owen,1915/3/23,British,http://en.wikipedia.org/wiki/Arthur_Owen
547,Horace,Gould,1918/9/20,British,http://en.wikipedia.org/wiki/Horace_Gould
548,Bob,Drake,1919/12/14,American,http://en.wikipedia.org/wiki/Bob_Drake_(Formula_One)
549,Ivor,Bueb,1923/6/6,British,http://en.wikipedia.org/wiki/Ivor_Bueb
550,Alain,de Changy,1922/2/5,Belgian,http://en.wikipedia.org/wiki/Alain_de_Changy
551,Maria,de Filippis,1926/11/11,Italian,http://en.wikipedia.org/wiki/Maria_Teresa_de_Filippis
552,Jean,Lucienbonnet,1923/1/7,French,http://en.wikipedia.org/wiki/Jean_Lucienbonnet
553,Andr̩,Testut,1926/4/13,Monegasque,http://en.wikipedia.org/wiki/Andr%C3%A9_Testut
554,Jean,Behra,1921/2/16,French,http://en.wikipedia.org/wiki/Jean_Behra
555,Paul,Russo,1914/4/10,American,http://en.wikipedia.org/wiki/Paul_Russo
556,Jimmy,Daywalt,1924/8/28,American,http://en.wikipedia.org/wiki/Jimmy_Daywalt
557,Chuck,Arnold,1926/5/30,American,http://en.wikipedia.org/wiki/Chuck_Arnold
558,Al,Keller,1920/4/11,American,http://en.wikipedia.org/wiki/Al_Keller
559,Pat,Flaherty,1926/1/6,American,http://en.wikipedia.org/wiki/Pat_Flaherty_(racing_driver)
560,Bill,Cheesbourg,1927/6/12,American,http://en.wikipedia.org/wiki/Bill_Cheesbourg
561,Ray,Crawford,1915/10/26,American,http://en.wikipedia.org/wiki/Ray_Crawford
562,Jack,Turner,1920/2/12,American,http://en.wikipedia.org/wiki/Jack_Turner_(driver)
563,Chuck,Weyant,1923/4/3,American,http://en.wikipedia.org/wiki/Chuck_Weyant
564,Jud,Larson,1923/1/21,American,http://en.wikipedia.org/wiki/Jud_Larson
565,Mike,Magill,1920/2/8,American,http://en.wikipedia.org/wiki/Mike_Magill
566,Carroll,Shelby,1923/1/11,American,http://en.wikipedia.org/wiki/Carroll_Shelby
567,Fritz,d'Orey,1938/3/25,Brazilian,http://en.wikipedia.org/wiki/Fritz_d%27Orey
568,Azdrubal,Fontes,1922/12/26,Uruguayan,http://en.wikipedia.org/wiki/Azdrubal_Fontes
569,Peter,Ashdown,1934/10/16,British,http://en.wikipedia.org/wiki/Peter_Ashdown
570,Bill,Moss,1933/9/4,British,http://en.wikipedia.org/wiki/Bill_Moss_(racing_driver)
571,Dennis,Taylor,1921/6/12,British,http://en.wikipedia.org/wiki/Dennis_Taylor_(racing_driver)
572,Harry,Blanchard,1929/6/13,American,http://en.wikipedia.org/wiki/Harry_Blanchard
573,Alessandro,de Tomaso,1928/7/10,Argentine-Italian,http://en.wikipedia.org/wiki/Alessandro_de_Tomaso
574,George,Constantine,1918/2/22,American,http://en.wikipedia.org/wiki/George_Constantine
575,Bob,Said,1932/5/5,American,http://en.wikipedia.org/wiki/Bob_Said
576,Phil,Cade,1916/6/12,American,http://en.wikipedia.org/wiki/Phil_Cade
577,Luigi,Musso,1924/7/28,Italian,http://en.wikipedia.org/wiki/Luigi_Musso
578,Mike,Hawthorn,1929/4/10,British,http://en.wikipedia.org/wiki/Mike_Hawthorn
579,Juan,Fangio,1911/6/24,Argentine,http://en.wikipedia.org/wiki/Juan_Manuel_Fangio
580,Paco,Godia,1921/3/21,Spanish,http://en.wikipedia.org/wiki/Paco_Godia
581,Peter,Collins,1931/11/6,British,http://en.wikipedia.org/wiki/Peter_Collins_(racing_driver)
582,Ken,Kavanagh,1923/12/12,Australian,http://en.wikipedia.org/wiki/Ken_Kavanagh
583,Gerino,Gerini,1928/8/10,Italian,http://en.wikipedia.org/wiki/Gerino_Gerini_(racing_driver)
584,Bruce,Kessler,1936/3/23,American,http://en.wikipedia.org/wiki/Bruce_Kessler
585,Paul,Emery,1916/11/12,British,http://en.wikipedia.org/wiki/Paul_Emery
586,Luigi,Piotti,1913/10/27,Italian,http://en.wikipedia.org/wiki/Luigi_Piotti
587,Bernie,Ecclestone,1930/10/28,British,http://en.wikipedia.org/wiki/Bernie_Ecclestone
588,Luigi,Taramazzo,1932/5/5,Italian,http://en.wikipedia.org/wiki/Luigi_Taramazzo
589,Louis,Chiron,NULL,Monegasque,http://en.wikipedia.org/wiki/Louis_Chiron
590,Stuart,Lewis-Evans,1930/4/20,British,http://en.wikipedia.org/wiki/Stuart_Lewis-Evans
591,George,Amick,1924/10/24,American,http://en.wikipedia.org/wiki/George_Amick
592,Jimmy,Reece,1929/11/17,American,http://en.wikipedia.org/wiki/Jimmy_Reece
593,Johnnie,Parsons,1918/7/4,American,http://en.wikipedia.org/wiki/Johnnie_Parsons
594,Johnnie,Tolan,1917/10/22,American,http://en.wikipedia.org/wiki/Johnnie_Tolan
595,Billy,Garrett,1933/4/24,American,http://en.wikipedia.org/wiki/Billy_Garrett
596,Ed,Elisian,1926/12/9,American,http://en.wikipedia.org/wiki/Ed_Elisian
597,Pat,O'Connor,1928/10/9,American,http://en.wikipedia.org/wiki/Pat_O%27Connor_(auto_racer)
598,Jerry,Unser,1932/11/15,American,http://en.wikipedia.org/wiki/Jerry_Unser
599,Art,Bisch,1926/11/10,American,http://en.wikipedia.org/wiki/Art_Bisch
600,Christian,Goethals,1928/8/4,Belgian,http://en.wikipedia.org/wiki/Christian_Goethals
601,Dick,Gibson,1918/4/16,British,http://en.wikipedia.org/wiki/Dick_Gibson
602,Robert,La Caze,1917/2/26,French,http://en.wikipedia.org/wiki/Robert_La_Caze
603,Andr̩,Guelfi,1919/5/6,French,http://en.wikipedia.org/wiki/Andr%C3%A9_Guelfi
604,Fran̤ois,Picard,1921/4/26,French,http://en.wikipedia.org/wiki/Fran%C3%A7ois_Picard
605,Tom,Bridger,1934/6/24,British,http://en.wikipedia.org/wiki/Tom_Bridger
606,Alfonso,de Portago,1928/10/11,Spanish,http://en.wikipedia.org/wiki/Alfonso_de_Portago
607,Cesare,Perdisa,1932/10/21,Italian,http://en.wikipedia.org/wiki/Cesare_Perdisa
608,Eugenio,Castellotti,1930/10/10,Italian,http://en.wikipedia.org/wiki/Eugenio_Castellotti
609,Andr̩,Simon,1920/1/5,French,http://en.wikipedia.org/wiki/Andr%C3%A9_Simon_(racing_driver)
610,Les,Leston,1920/12/16,British,http://en.wikipedia.org/wiki/Les_Leston
611,Sam,Hanks,1914/7/13,American,http://en.wikipedia.org/wiki/Sam_Hanks
612,Andy,Linden,1922/4/5,American,http://en.wikipedia.org/wiki/Andy_Linden_(racing_driver)
613,Marshall,Teague,1921/2/22,American,http://en.wikipedia.org/wiki/Marshall_Teague
614,Don,Edmunds,1930/9/23,American,http://en.wikipedia.org/wiki/Don_Edmunds
615,Fred,Agabashian,1913/8/21,American,http://en.wikipedia.org/wiki/Fred_Agabashian
616,Elmer,George,1928/7/15,American,http://en.wikipedia.org/wiki/Elmer_George
617,Mike,MacDowel,1932/9/13,British,http://en.wikipedia.org/wiki/Mike_MacDowel
618,Herbert,MacKay-Fraser,1927/6/23,American,http://en.wikipedia.org/wiki/Herbert_MacKay-Fraser
619,Bob,Gerard,1914/1/19,British,http://en.wikipedia.org/wiki/Bob_Gerard
620,Umberto,Maglioli,1928/6/5,Italian,http://en.wikipedia.org/wiki/Umberto_Maglioli
621,Paul,England,1929/3/28,Australian,http://en.wikipedia.org/wiki/Paul_England
622,Chico,Landi,1907/7/14,Brazilian,http://en.wikipedia.org/wiki/Chico_Landi
623,Alberto,Uria,1924/7/11,Uruguayan,http://en.wikipedia.org/wiki/Alberto_Uria
624,Hernando,da Silva Ramos,1925/12/7,Brazilian,http://en.wikipedia.org/wiki/Hernando_da_Silva_Ramos
625,Élie,Bayol,1914/2/28,French,http://en.wikipedia.org/wiki/%C3%89lie_Bayol
626,Robert,Manzon,1917/4/12,French,http://en.wikipedia.org/wiki/Robert_Manzon
627,Louis,Rosier,1905/11/5,French,http://en.wikipedia.org/wiki/Louis_Rosier
628,Bob,Sweikert,1926/5/20,American,http://en.wikipedia.org/wiki/Bob_Sweikert
629,Cliff,Griffith,1916/2/6,American,http://en.wikipedia.org/wiki/Cliff_Griffith
630,Duke,Dinsmore,1913/4/10,American,http://en.wikipedia.org/wiki/Duke_Dinsmore
631,Keith,Andrews,1920/6/15,American,http://en.wikipedia.org/wiki/Keith_Andrews_(driver)
632,Paul,Fr̬re,1917/1/30,Belgian,http://en.wikipedia.org/wiki/Paul_Fr%C3%A8re
633,Luigi,Villoresi,1909/5/16,Italian,http://en.wikipedia.org/wiki/Luigi_Villoresi
634,Piero,Scotti,1909/11/11,Italian,http://en.wikipedia.org/wiki/Piero_Scotti
635,Colin,Chapman,1928/5/19,British,http://en.wikipedia.org/wiki/Colin_Chapman
636,Desmond,Titterington,1928/5/1,British,http://en.wikipedia.org/wiki/Desmond_Titterington
637,Archie,Scott Brown,1927/5/13,British,http://en.wikipedia.org/wiki/Archie_Scott_Brown
638,Ottorino,Volonterio,1917/12/7,Swiss,http://en.wikipedia.org/wiki/Ottorino_Volonterio
639,Andr̩,Milhoux,1928/12/9,Belgian,http://en.wikipedia.org/wiki/Andr%C3%A9_Milhoux
640,Toulo,de Graffenried,1914/5/18,Swiss,http://en.wikipedia.org/wiki/Toulo_de_Graffenried
641,Piero,Taruffi,1906/10/12,Italian,http://en.wikipedia.org/wiki/Piero_Taruffi
642,Nino,Farina,1906/10/30,Italian,http://en.wikipedia.org/wiki/Nino_Farina
643,Roberto,Mieres,1924/12/3,Argentine,http://en.wikipedia.org/wiki/Roberto_Mieres
644,Sergio,Mantovani,1929/5/22,Italian,http://en.wikipedia.org/wiki/Sergio_Mantovani
645,Clemar,Bucci,1920/9/4,Argentine,http://en.wikipedia.org/wiki/Clemar_Bucci
646,Jes̼s,Iglesias,1922/2/22,Argentine,http://en.wikipedia.org/wiki/Jes%C3%BAs_Iglesias
647,Alberto,Ascari,1918/7/13,Italian,http://en.wikipedia.org/wiki/Alberto_Ascari
648,Karl,Kling,1910/9/16,German,http://en.wikipedia.org/wiki/Karl_Kling
649,Pablo,Birger,1924/1/7,Argentine,http://en.wikipedia.org/wiki/Pablo_Birger
650,Jacques,Pollet,1922/7/2,French,http://en.wikipedia.org/wiki/Jacques_Pollet
651,Lance,Macklin,1919/9/2,British,http://en.wikipedia.org/wiki/Lance_Macklin
652,Ted,Whiteaway,1928/11/1,British,http://en.wikipedia.org/wiki/Ted_Whiteaway
653,Jimmy,Davies,1929/8/8,American,http://en.wikipedia.org/wiki/Jimmy_Davies
654,Walt,Faulkner,1920/2/16,American,http://en.wikipedia.org/wiki/Walt_Faulkner
655,Cal,Niday,1914/4/29,American,http://en.wikipedia.org/wiki/Cal_Niday
656,Art,Cross,1918/1/24,American,http://en.wikipedia.org/wiki/Art_Cross
657,Bill,Vukovich,1918/12/13,American,http://en.wikipedia.org/wiki/Bill_Vukovich
658,Jack,McGrath,1919/10/8,American,http://en.wikipedia.org/wiki/Jack_McGrath_(racing_driver)
659,Jerry,Hoyt,1929/1/29,American,http://en.wikipedia.org/wiki/Jerry_Hoyt
660,Johnny,Claes,1916/8/11,Belgian,http://en.wikipedia.org/wiki/Johnny_Claes
661,Peter,Walker,1912/10/7,British,http://en.wikipedia.org/wiki/Peter_Walker_(driver)
662,Mike,Sparken,1930/6/16,French,http://en.wikipedia.org/wiki/Mike_Sparken
663,Ken,Wharton,1916/3/21,British,http://en.wikipedia.org/wiki/Ken_Wharton
664,Kenneth,McAlpine,1920/9/21,British,http://en.wikipedia.org/wiki/Kenneth_McAlpine
665,Leslie,Marr,1922/8/14,British,http://en.wikipedia.org/wiki/Leslie_Marr
666,Tony,Rolt,1918/10/16,British,http://en.wikipedia.org/wiki/Tony_Rolt
667,John,Fitch,1917/8/4,American,http://en.wikipedia.org/wiki/John_Fitch_(driver)
668,Jean,Lucas,1917/4/25,French,http://en.wikipedia.org/wiki/Jean_Lucas
669,Prince,Bira,1914/7/15,Thai,http://en.wikipedia.org/wiki/Prince_Bira
670,Onofre,MarimÃ_n,1923/12/19,Argentine,http://en.wikipedia.org/wiki/Onofre_Marim%C3%B3n
671,Roger,Loyer,1907/8/5,French,http://en.wikipedia.org/wiki/Roger_Loyer
672,Jorge,Daponte,1923/6/5,Argentine,http://en.wikipedia.org/wiki/Jorge_Daponte
673,Mike,Nazaruk,1921/10/2,American,http://en.wikipedia.org/wiki/Mike_Nazaruk
674,Larry,Crockett,1926/10/23,American,http://en.wikipedia.org/wiki/Larry_Crockett
675,Manny,Ayulo,1921/10/20,American,http://en.wikipedia.org/wiki/Manny_Ayulo
676,Frank,Armi,1918/10/12,American,http://en.wikipedia.org/wiki/Frank_Armi
677,Travis,Webb,1910/10/8,American,http://en.wikipedia.org/wiki/Travis_Webb
678,Len,Duncan,1911/7/25,American,http://en.wikipedia.org/wiki/Len_Duncan
679,Ernie,McCoy,1921/2/19,American,http://en.wikipedia.org/wiki/Ernie_McCoy
680,Jacques,Swaters,1926/10/30,American,http://en.wikipedia.org/wiki/Jacques_Swaters
681,Georges,Berger,1918/9/14,Belgian,http://en.wikipedia.org/wiki/Georges_Berger
682,Don,Beauman,1928/7/26,British,http://en.wikipedia.org/wiki/Don_Beauman
683,Leslie,Thorne,1916/6/23,British,http://en.wikipedia.org/wiki/Leslie_Thorne
684,Bill,Whitehouse,1909/4/1,British,http://en.wikipedia.org/wiki/Bill_Whitehouse
685,John,Riseley-Prichard,1924/1/17,British,http://en.wikipedia.org/wiki/John_Riseley-Prichard
686,Reg,Parnell,1911/7/2,British,http://en.wikipedia.org/wiki/Reg_Parnell
687,Peter,Whitehead,1914/11/12,British,http://en.wikipedia.org/wiki/Peter_Whitehead_(racing_driver)
688,Eric,Brandon,1920/7/18,British,http://en.wikipedia.org/wiki/Eric_Brandon
689,Alan,Brown,1919/11/20,British,http://en.wikipedia.org/wiki/Alan_Brown_(racing_driver)
690,Rodney,Nuckey,1929/6/26,British,http://en.wikipedia.org/wiki/Rodney_Nuckey
691,Hermann,Lang,1909/4/6,German,http://en.wikipedia.org/wiki/Hermann_Lang
692,Theo,Helfrich,1913/5/13,German,http://en.wikipedia.org/wiki/Theo_Helfrich
693,Fred,Wacker,1918/7/10,American,http://en.wikipedia.org/wiki/Fred_Wacker
694,Giovanni,de Riu,1925/3/10,Italian,http://en.wikipedia.org/wiki/Giovanni_de_Riu
695,Oscar,MarimÃ_n,1913/8/17,Argentine,http://en.wikipedia.org/wiki/%C3%93scar_Alfredo_G%C3%A1lvez
696,John,Barber,1929/7/22,British,http://en.wikipedia.org/wiki/John_Barber_(racing_driver)
697,Felice,Bonetto,1903/6/9,Italian,http://en.wikipedia.org/wiki/Felice_Bonetto
698,Adolfo,Cruz,1923/6/28,Argentine,http://en.wikipedia.org/wiki/Adolfo_Schewelm_Cruz
699,Duke,Nalon,1913/3/2,American,http://en.wikipedia.org/wiki/Duke_Nalon
700,Carl,Scarborough,1914/7/3,American,http://en.wikipedia.org/wiki/Carl_Scarborough
701,Bill,Holland,1907/12/18,American,http://en.wikipedia.org/wiki/Bill_Holland
702,Bob,Scott,1928/10/4,American,http://en.wikipedia.org/wiki/Bob_Scott_(auto_racer)
703,Arthur,Legat,NULL,Belgian,http://en.wikipedia.org/wiki/Arthur_Legat
704,Yves,Cabantous,1904/10/8,French,http://en.wikipedia.org/wiki/Yves_Giraud_Cabantous
705,Tony,Crook,1920/2/16,British,http://en.wikipedia.org/wiki/Tony_Crook
706,Jimmy,Stewart,1931/3/6,British,http://en.wikipedia.org/wiki/Jimmy_Stewart_(racing_driver)
707,Ian,Stewart,1929/7/15,British,http://en.wikipedia.org/wiki/Ian_Stewart_(racing_driver)
708,Duncan,Hamilton,1920/4/30,British,http://en.wikipedia.org/wiki/Duncan_Hamilton_(racing_driver)
709,Ernst,Klodwig,1903/5/23,East German,http://en.wikipedia.org/wiki/Ernst_Klodwig
710,Rudolf,Krause,1907/3/30,East German,http://en.wikipedia.org/wiki/Rudolf_Krause
711,Oswald,Karch,1917/3/6,German,http://en.wikipedia.org/wiki/Oswald_Karch
712,Willi,Heeks,1922/2/13,German,http://en.wikipedia.org/wiki/Willi_Heeks
713,Theo,Fitzau,1923/2/10,East German,http://en.wikipedia.org/wiki/Theo_Fitzau
714,Kurt,Adolff,1921/11/5,German,http://en.wikipedia.org/wiki/Kurt_Adolff
715,GÃ_nther,Bechem,1921/12/21,German,http://en.wikipedia.org/wiki/G%C3%BCnther_Bechem
716,Erwin,Bauer,1912/7/17,German,http://en.wikipedia.org/wiki/Erwin_Bauer
717,Hans,von Stuck,1900/12/27,German,http://en.wikipedia.org/wiki/Hans_Von_Stuck
718,Ernst,Loof,1907/7/4,German,http://en.wikipedia.org/wiki/Ernst_Loof
719,Albert,Scherrer,1908/2/28,Swiss,http://en.wikipedia.org/wiki/Albert_Scherrer
720,Max,de Terra,1918/10/6,Swiss,http://en.wikipedia.org/wiki/Max_de_Terra
721,Peter,Hirt,1910/3/30,Swiss,http://en.wikipedia.org/wiki/Peter_Hirt
722,Piero,Carini,1921/3/6,Italian,http://en.wikipedia.org/wiki/Piero_Carini
723,Rudi,Fischer,1912/4/19,Swiss,http://en.wikipedia.org/wiki/Rudi_Fischer
724,Toni,Ulmen,1906/1/25,German,http://en.wikipedia.org/wiki/Toni_Ulmen
725,George,Abecassis,1913/3/21,British,http://en.wikipedia.org/wiki/George_Abecassis
726,George,Connor,1906/8/16,American,http://en.wikipedia.org/wiki/George_Connor_(driver)
727,Jim,Rigsby,1923/6/6,American,http://en.wikipedia.org/wiki/Jim_Rigsby
728,Joe,James,1925/5/23,American,http://en.wikipedia.org/wiki/Joe_James_(racing_driver)
729,Bill,Schindler,1909/3/6,American,http://en.wikipedia.org/wiki/Bill_Schindler
730,George,Fonder,1917/6/22,American,http://en.wikipedia.org/wiki/George_Fonder
731,Henry,Banks,1913/6/14,American,http://en.wikipedia.org/wiki/Henry_Banks
732,Johnny,McDowell,1915/1/29,American,http://en.wikipedia.org/wiki/Johnny_McDowell
733,Chet,Miller,1902/7/19,American,http://en.wikipedia.org/wiki/Chet_Miller
734,Bobby,Ball,1925/8/26,American,http://en.wikipedia.org/wiki/Bobby_Ball_(auto_racer)
735,Charles,de Tornaco,1927/6/7,Belgian,http://en.wikipedia.org/wiki/Charles_de_Tornaco
736,Roger,Laurent,1913/2/21,Belgian,http://en.wikipedia.org/wiki/Roger_Laurent
737,Robert,O'Brien,1908/4/11,American,http://en.wikipedia.org/wiki/Robert_O%27Brien_(auto_racer)
738,Tony,Gaze,1920/2/3,Australian,http://en.wikipedia.org/wiki/Tony_Gaze
739,Robin,Montgomerie-Charrington,1915/6/23,British,http://en.wikipedia.org/wiki/Robin_Montgomerie-Charrington
740,Franco,Comotti,1906/7/24,Italian,http://en.wikipedia.org/wiki/Franco_Comotti
741,Philippe,Étancelin,NULL,French,http://en.wikipedia.org/wiki/Philippe_%C3%89tancelin
742,Dennis,Poore,1916/8/19,British,http://en.wikipedia.org/wiki/Dennis_Poore
743,Eric,Thompson,1919/11/4,British,http://en.wikipedia.org/wiki/Eric_Thompson_(racing_driver)
744,Ken,Downing,1917/12/5,British,http://en.wikipedia.org/wiki/Ken_Downing
745,Graham,Whitehead,1922/4/15,British,http://en.wikipedia.org/wiki/Graham_Whitehead
746,Gino,Bianco,1916/7/22,Brazilian,http://en.wikipedia.org/wiki/Gino_Bianco
747,David,Murray,1909/12/28,British,http://en.wikipedia.org/wiki/David_Murray_(driver)
748,Eitel,Cantoni,1906/10/4,Uruguayan,http://en.wikipedia.org/wiki/Eitel_Cantoni
749,Bill,Aston,1900/3/29,British,http://en.wikipedia.org/wiki/Bill_Aston
750,Adolf,Brudes,NULL,German,http://en.wikipedia.org/wiki/Adolf_Brudes
751,Fritz,Riess,1922/7/11,German,http://en.wikipedia.org/wiki/Fritz_Riess
752,Helmut,Niedermayr,1915/11/29,German,http://en.wikipedia.org/wiki/Helmut_Niedermayr
753,Hans,Klenk,1919/10/28,German,http://en.wikipedia.org/wiki/Hans_Klenk
754,Marcel,Balsa,1909/1/1,French,http://en.wikipedia.org/wiki/Marcel_Balsa
755,Rudolf,Schoeller,1902/4/27,Swiss,http://en.wikipedia.org/wiki/Rudolf_Schoeller
756,Paul,Pietsch,1911/6/20,German,http://en.wikipedia.org/wiki/Paul_Pietsch
757,Josef,Peters,1914/9/16,German,http://en.wikipedia.org/wiki/Josef_Peters_(driver)
758,Dries,van der Lof,1919/8/23,Dutch,http://en.wikipedia.org/wiki/Dries_van_der_Lof
759,Jan,Flinterman,1919/10/2,Dutch,http://en.wikipedia.org/wiki/Jan_Flinterman
760,Piero,Dusio,NULL,Italian,http://en.wikipedia.org/wiki/Piero_Dusio
761,Alberto,Crespo,1920/1/16,Argentine,http://en.wikipedia.org/wiki/Alberto_Crespo
762,Franco,Rol,1908/6/5,Italian,http://en.wikipedia.org/wiki/Franco_Rol
763,Consalvo,Sanesi,1911/3/28,Italian,http://en.wikipedia.org/wiki/Consalvo_Sanesi
764,Guy,Mairesse,1910/8/10,French,http://en.wikipedia.org/wiki/Guy_Mairesse
765,Henri,Louveau,1910/1/25,French,http://en.wikipedia.org/wiki/Henri_Louveau
766,Lee,Wallard,1910/9/7,American,http://en.wikipedia.org/wiki/Lee_Wallard
767,Carl,Forberg,1911/3/4,American,http://en.wikipedia.org/wiki/Carl_Forberg
768,Mauri,Rose,1906/5/26,American,http://en.wikipedia.org/wiki/Mauri_Rose
769,Bill,Mackey,1927/12/15,American,http://en.wikipedia.org/wiki/Bill_Mackey
770,Cecil,Green,1919/9/30,American,http://en.wikipedia.org/wiki/Cecil_Green
771,Walt,Brown,1911/12/30,American,http://en.wikipedia.org/wiki/Walt_Brown_(auto_racer)
772,Mack,Hellings,1915/9/14,American,http://en.wikipedia.org/wiki/Mack_Hellings
773,Pierre,Levegh,1905/12/22,French,http://en.wikipedia.org/wiki/Pierre_Levegh
774,Eug̬ne,Chaboud,1907/4/12,French,http://en.wikipedia.org/wiki/Eug%C3%A8ne_Chaboud
775,Aldo,Gordini,1921/5/20,French,http://en.wikipedia.org/wiki/Aldo_Gordini
776,Joe,Kelly,1913/3/13,Irish,http://en.wikipedia.org/wiki/Joe_Kelly_(Formula_One)
777,Philip,Fotheringham-Parker,1907/9/22,British,http://en.wikipedia.org/wiki/Philip_Fotheringham-Parker
778,Brian,Shawe Taylor,1915/1/28,British,http://en.wikipedia.org/wiki/Brian_Shawe_Taylor
779,John,James,1914/5/10,British,http://en.wikipedia.org/wiki/John_James_(auto_racer)
780,Toni,Branca,1916/9/15,Swiss,http://en.wikipedia.org/wiki/Toni_Branca
781,Ken,Richardson,1911/8/21,British,http://en.wikipedia.org/wiki/Ken_Richardson_(race_car_driver)
782,Juan,Jover,1903/11/23,Spanish,http://en.wikipedia.org/wiki/Juan_Jover
783,Georges,Grignard,1905/7/25,French,http://en.wikipedia.org/wiki/Georges_Grignard
784,David,Hampshire,1917/12/29,British,http://en.wikipedia.org/wiki/David_Hampshire
785,Geoff,Crossley,1921/5/11,British,http://en.wikipedia.org/wiki/Geoff_Crossley
786,Luigi,Fagioli,NULL,Italian,http://en.wikipedia.org/wiki/Luigi_Fagioli
787,Cuth,Harrison,1906/7/6,British,http://en.wikipedia.org/wiki/Cuth_Harrison
788,Joe,Fry,1915/10/26,British,http://en.wikipedia.org/wiki/Joe_Fry
789,Eug̬ne,Martin,1915/3/24,French,http://en.wikipedia.org/wiki/Eug%C3%A8ne_Martin
790,Leslie,Johnson,1912/3/22,British,http://en.wikipedia.org/wiki/Leslie_Johnson_(racing_driver)
791,Clemente,Biondetti,NULL,Italian,http://en.wikipedia.org/wiki/Clemente_Biondetti
792,Alfredo,Pián,1912/10/21,Argentine,http://en.wikipedia.org/wiki/Alfredo_Pi%C3%A0n
793,Raymond,Sommer,1906/8/31,French,http://en.wikipedia.org/wiki/Raymond_Sommer
794,Joie,Chitwood,1912/4/14,American,http://en.wikipedia.org/wiki/Joie_Chitwood
795,Myron,Fohr,1912/6/17,American,http://en.wikipedia.org/wiki/Myron_Fohr
796,Walt,Ader,1913/12/15,American,http://en.wikipedia.org/wiki/Walt_Ader
797,Jackie,Holmes,1920/9/4,American,http://en.wikipedia.org/wiki/Jackie_Holmes
798,Bayliss,Levrett,1914/2/14,American,http://en.wikipedia.org/wiki/Bayliss_Levrett
799,Jimmy,Jackson,1910/7/25,American,http://en.wikipedia.org/wiki/Jimmy_Jackson_(driver)
800,Nello,Pagani,1911/10/11,Italian,http://en.wikipedia.org/wiki/Nello_Pagani
801,Charles,Pozzi,1909/8/27,French,http://en.wikipedia.org/wiki/Charles_Pozzi
802,Dorino,Serafini,1909/7/22,Italian,http://en.wikipedia.org/wiki/Dorino_Serafini
803,Bill,Cantrell,1908/1/31,American,http://en.wikipedia.org/wiki/William_Cantrell
804,Johnny,Mantz,1918/9/18,American,http://en.wikipedia.org/wiki/Johnny_Mantz
805,Danny,Kladis,1917/2/10,American,http://en.wikipedia.org/wiki/Danny_Kladis
806,Óscar,González,1923/11/10,Uruguayan,http://en.wikipedia.org/wiki/Oscar_Gonz%C3%A1lez_(racing_driver)
807,Nico,HÃ_lkenberg,1987/8/19,German,http://en.wikipedia.org/wiki/Nico_H%C3%BClkenberg
808,Vitaly,Petrov,1984/9/8,Russian,http://en.wikipedia.org/wiki/Vitaly_Petrov
810,Lucas,di Grassi,1984/8/11,Brazilian,http://en.wikipedia.org/wiki/Lucas_di_Grassi
811,Bruno,Senna,1983/10/15,Brazilian,http://en.wikipedia.org/wiki/Bruno_Senna
812,Karun,Chandhok,1984/1/19,Indian,http://en.wikipedia.org/wiki/Karun_Chandhok
813,Pastor,Maldonado,1985/3/9,Venezuelan,http://en.wikipedia.org/wiki/Pastor_Maldonado
814,Paul,di Resta,1986/4/16,British,http://en.wikipedia.org/wiki/Paul_di_Resta
815,Sergio,P̩rez,1990/1/26,Mexican,http://en.wikipedia.org/wiki/Sergio_P%C3%A9rez
816,J̩r̫me,d'Ambrosio,1985/12/27,Belgian,http://en.wikipedia.org/wiki/J%C3%A9r%C3%B4me_d%27Ambrosio
817,Daniel,Ricciardo,1989/7/1,Australian,http://en.wikipedia.org/wiki/Daniel_Ricciardo
818,Jean-Éric,Vergne,1990/4/25,French,http://en.wikipedia.org/wiki/Jean-%C3%89ric_Vergne
819,Charles,Pic,1990/2/15,French,http://en.wikipedia.org/wiki/Charles_Pic
820,Max,Chilton,1991/4/21,British,http://en.wikipedia.org/wiki/Max_Chilton
821,Esteban,Guti̩rrez,1991/8/5,Mexican,http://en.wikipedia.org/wiki/Esteban_Guti%C3%A9rrez
822,Valtteri,Bottas,1989/8/28,Finnish,http://en.wikipedia.org/wiki/Valtteri_Bottas
823,Giedo,van der Garde,1985/4/25,Dutch,http://en.wikipedia.org/wiki/Giedo_van_der_Garde
824,Jules,Bianchi,1989/8/3,French,http://en.wikipedia.org/wiki/Jules_Bianchi
825,Kevin,Magnussen,1992/10/5,Danish,http://en.wikipedia.org/wiki/Kevin_Magnussen
826,Daniil,Kvyat,1994/4/26,Russian,http://en.wikipedia.org/wiki/Daniil_Kvyat
827,Andr̩,Lotterer,1981/11/19,German,http://en.wikipedia.org/wiki/Andr%C3%A9_Lotterer
828,Marcus,Ericsson,1990/9/2,Swedish,http://en.wikipedia.org/wiki/Marcus_Ericsson
829,Will,Stevens,1991/6/28,British,http://en.wikipedia.org/wiki/Will_Stevens
830,Max,Verstappen,1997/9/30,Dutch,http://en.wikipedia.org/wiki/Max_Verstappen
831,Felipe,Nasr,1992/8/21,Brazilian,http://en.wikipedia.org/wiki/Felipe_Nasr
832,Carlos,Sainz,1994/9/1,Spanish,http://en.wikipedia.org/wiki/Carlos_Sainz_Jr.
833,Roberto,Merhi,1991/3/22,Spanish,http://en.wikipedia.org/wiki/Roberto_Merhi
834,Alexander,Rossi,1991/9/25,American,http://en.wikipedia.org/wiki/Alexander_Rossi_%28racing_driver%29
835,Jolyon,Palmer,1991/1/20,British,http://en.wikipedia.org/wiki/Jolyon_Palmer
836,Pascal,Wehrlein,1994/10/18,German,http://en.wikipedia.org/wiki/Pascal_Wehrlein
837,Rio,Haryanto,1993/1/22,Indonesian,http://en.wikipedia.org/wiki/Rio_Haryanto
838,Stoffel,Vandoorne,1992/3/26,Belgian,http://en.wikipedia.org/wiki/Stoffel_Vandoorne
839,Esteban,Ocon,1996/9/17,French,http://en.wikipedia.org/wiki/Esteban_Ocon
840,Lance,Stroll,1998/10/29,Canadian,http://en.wikipedia.org/wiki/Lance_Stroll
841,Antonio,Giovinazzi,1993/12/14,Italian,http://en.wikipedia.org/wiki/Antonio_Giovinazzi
843,Brendon,Hartley,1989/11/10,New Zealander,http://en.wikipedia.org/wiki/Brendon_Hartley